average loss,stdv
4.571783e-08,3.033646e-09
